{
  "questions": [{
      "Q_num": 1,
      "question": "Enter your Name",
      "types": "textbox",
      "answers": [
        ""
      ]
    },
    {
      "Q_num":2,
      "question": "Enter Your City Name",
      "types":"textbox",
      "answers":[" "]
    },
    {
      "Q_num": 3,
      "question": "What is the scientific name of a butterfly?",
      "types": "checkbox",
      "answers": [
        "Apis",
        "Coleoptera",
        "Formicidae",
        "Rhopalocera"
      ],
      "correctIndex": 3
    },
    {
      "Q_num": 4,
      "question": "How hot is the surface of the sun?",
      "types": "radio",
      "answers":[
        {"id":1,"opt":"1,233 K"},        
        {"id":2,"opt":"5,778 K"}
        ]
    }, 
    {
      "Q_num":5,
      "question": "Do you like Cricketer?",
      "types": "radio",
      "answers":[
        {"id":1,"opt":"YES"},
        {"id":2,"opt":"NO"}
      ]
   }
   
  ]
}