[{
    "carname": "Audi",
    "carmodel": "A7"
  },
  {
    "carname": "BMW",
    "carmodel": "Z4"
  },
  {
    "carname": "Hyundai",
    "carmodel": "i20"
  },
  {
    "carname": "Toyota",
    "carmodel": "Fortuner"
  },
  {
    "carname": "Jaguar",
    "carmodel": "XF"
  },
  {
    "carname": "Nisan",
    "carmodel": "Nisan Sunny"
  },
  {
    "carname": "Honda",
    "carmodel": "Nexus"
  },
  {
    "carname": "Tata",
    "carmodel": "Neno"
  },
  {
    "carname": "Mahendra",
    "carmodel": "Scorpio"
  }
]