[
    {
        "car": "JAGUAR",
        "car_id": 1,
        "model": [
            {
                "model_name": "Jaguar XF",
                "model_id": 1
            },
            {
                "model_name": "Jaguar XL",
                "model_id": 2
            },
            {
                "model_name": "Jaguar XE",
                "model_id": 3
            }
        ]
    },
    {
        "car": "AUDI",
        "car_id": 2,
        "model": [
            {
                "model_name": "Audi R8",
                "model_id": 1
            },
            {
                "model_name": "Audi S5",
                "model_id": 2
            },
            {
                "model_name": "Audi A6",
                "model_id": 3
            },
            {
                "model_name": "Audi Q5",
                "model_id": 4
            },
            {
                "model_name": "Audi Q3",
                "model_id": 5
            }
        ]
    },
    {
        "car": "BMW",
        "car_id": 3,
        "model": [
            {
                "model_name": "X1",
                "model_id": 1
            },
            {
                "model_name": "Z4",
                "model_id": 2
            }
        ]
    }
]