[
    {
      "CarBrand": "AUDI",
      "carmodel": [
        {
          "id": 1,
          "name": "A4",
          "CarBrand": "AUDI",
          "colours": [
            {
              "color": "Dark Black"
            },
            {
              "color": "Blue"
            },
            {
              "color": "Red"
            }
          ]
        },
        {
          "id": 2,
          "name": "R8",
          "CarBrand": "AUDI",
          "colours": [
            {
              "color": "Hot Red"
            },
            {
              "color": "Yellow"
            }
          ]
        },
        {
          "id": 3,
          "name": "A7",
          "CarBrand": "AUDI",
          "colours": [
            {
              "color": "White"
            }
          ]
        },
        {
          "id": 4,
          "name": "Q3",
          "CarBrand": "AUDI",
          "colours": [
            {
              "color": "Gray"
            }
          ]
        }
      ]
    },
    {
      "CarBrand": "JAGUAR",
      "carmodel": [
        {
          "id": 5,
          "name": "XF",
          "CarBrand": "JAGUAR",
          "colours": [
            {
              "color": "Metal Black"
            },
            {
              "color": "Rose Red"
            }
          ]
        },
        {
          "id": 6,
          "name": "XL",
          "CarBrand": "JAGUAR",
          "colours": [
            {
              "color": "Dark Black"
            },
            {
              "color": "Dark Red"
            },
            {
              "color": "White"
            }
          ]
        }
      ]
    },
    {
      "CarBrand": "BMW",
      "carmodel": [
        {
          "id": 7,
          "name": "X1",
          "CarBrand": "BMW",
          "colours": [
            {
              "color": "Black"
            },
            {
              "color": "Green"
            }
          ]
        },
        {
          "id": 8,
          "name": "Z4",
          "CarBrand": "BMW",
          "colours": [
            {
              "color": "MetalBlack"
            }
          ]
        }
      ]
    }
  ]