[
    {
        "car": "JAGUAR",
        "car_id": "1",
        "model": [
            {
                "name": "Jaguar XF",
                "model_id": "1"
            },
            {
                "name": "Jaguar XL",
                "model_id": "2"
            },
            {
                "name": "Jaguar XE",
                "model_id": "3"
            }
        ]
    },
    {
        "car": "AUDI",
        "car_id": "2",
        "model": [
            {
                "name": "Audi R8",
                "model_id": "1"
            },
            {
                "name": "Audi S5",
                "model_id": "2"
            },
            {
                "name": "Audi A6",
                "model_id": "3"
            },
            {
                "name": "Audi Q5",
                "model_id": "4"
            },
            {
                "name": "Audi Q3",
                "model_id": "5"
            }
        ]
    },
    {
        "car": "BMW",
        "car_id": "3",
        "model": [
            {
                "name": "X1",
                "model_id": "1"
            },
            {
                "name": "Z4",
                "model_id": "2"
            }
        ]
    }
]