{
    "questions": [
        {
            "question": "What is the scientific name of a butterfly?",
            "type": "checkbox",
            "answers": [
              "Apis",
              "Coleoptera",
              "Formicidae",
              "Rhopalocera"
            ],
            "correctIndex": 3
        },
        {
          "question": "What is the scientific name of a butterfly?",
          "type": "radio",
          "answers": [
            "12",
            "22",
            "32",
            "42"
          ],
          "correctIndex": 3
      }, 
      {
        "question": "How hot is the surface of the sun?",
        "types": "checkbox",
        "answers": [
          "1,233 K",
          "5,778 K",
          "12,130 K",
          "101,300 K"
        ],
        "correctIndex": 1
      }
        
    ]
}
      